time_years,n,mae_raw,median_abs_log10_ratio,q90_abs_log10_ratio,frac_within_2x,frac_within_5x,frac_within_10x,coverage_90_cal,time_bin
0.1,44,0.0046067914768907,0.0013327216154953,0.0038760412792805,1.0,1.0,1.0,0.9318181818181818,1d--1y
0.2,44,0.0046060449078877,0.0013297870553009,0.00387510136124,1.0,1.0,1.0,0.9318181818181818,1d--1y
0.3,44,0.0046055409786425,0.0013277827107363,0.0038744578860944,1.0,1.0,1.0,0.9318181818181818,1d--1y
0.4,44,0.0046051430634492,0.0013262557563668,0.0038739466418111,1.0,1.0,1.0,0.9318181818181818,1d--1y
0.5,44,0.0046048234006144,0.001325076175533,0.0038735815191896,1.0,1.0,1.0,0.9318181818181818,1d--1y
0.6,44,0.0046039331625089,0.0013187798852165,0.0038732798844659,1.0,1.0,1.0,0.9318181818181818,1d--1y
0.7,44,0.0046037339241923,0.0013180048125966,0.0038730030469835,1.0,1.0,1.0,0.9318181818181818,1d--1y
0.8,44,0.0046036018008797,0.0013173472741052,0.0038727979204953,1.0,1.0,1.0,0.9318181818181818,1d--1y
0.9,44,0.0047318362696061,0.0013168033291779,0.0038726244129819,1.0,1.0,1.0,0.9318181818181818,1d--1y
1.0,44,0.0043639431930709,0.0012992725140346,0.0037953334540763,1.0,1.0,1.0,0.9545454545454546,1d--1y
1.0997527397260274,44,0.0126804445557385,0.0032862355629361,0.0080644533924963,1.0,1.0,1.0,1.0,1y--10y
1.1998212328767124,44,0.01209983756252,0.0032843077874452,0.0080650906455393,1.0,1.0,1.0,1.0,1y--10y
1.2998897260273972,44,0.0122332174157581,0.0032829624267102,0.0080654271112376,1.0,1.0,1.0,1.0,1y--10y
1.3999582191780822,44,0.0122340267921793,0.0032819029957033,0.0080655898591869,1.0,1.0,1.0,1.0,1y--10y
1.5000267123287672,44,0.0122321356320162,0.0032808960167328,0.0080657690932595,1.0,1.0,1.0,1.0,1y--10y
1.600095205479452,44,0.0122324402782187,0.0032802221047839,0.008065847910095,1.0,1.0,1.0,1.0,1y--10y
1.700163698630137,44,0.0122329316433109,0.0032796420725118,0.0080659883671265,1.0,1.0,1.0,1.0,1y--10y
1.800232191780822,44,0.0122331136371187,0.0032791602922899,0.0080662570291547,1.0,1.0,1.0,1.0,1y--10y
1.9003006849315067,44,0.0122334408520791,0.0032787514080508,0.0080663727692249,1.0,1.0,1.0,1.0,1y--10y
2.000369178082192,44,0.0122337499034156,0.0032783957809402,0.0080663681051786,1.0,1.0,1.0,1.0,1y--10y
2.1004376712328767,44,0.0122339971479952,0.003278082207233,0.0080661963395825,1.0,1.0,1.0,1.0,1y--10y
2.1995054794520548,44,0.0122343070384013,0.0032777819011423,0.0080661659625126,1.0,1.0,1.0,1.0,1y--10y
2.29957397260274,44,0.0122325200190464,0.0032777106360767,0.0080662255831438,1.0,1.0,1.0,1.0,1y--10y
2.3996424657534248,44,0.0122325353386635,0.0032774851952078,0.0080661904551553,1.0,1.0,1.0,1.0,1y--10y
2.4997109589041093,44,0.0122331174389078,0.0032770748667928,0.0080662622515651,1.0,1.0,1.0,1.0,1y--10y
2.5997794520547943,44,0.012233273358428,0.003276879716473,0.0080664656832311,1.0,1.0,1.0,1.0,1y--10y
2.69984794520548,30,0.0113107420839516,0.0031235220016983,0.0079128129599301,1.0,1.0,1.0,1.0,1y--10y
2.69984794520548,14,0.0142096464138053,0.0043769822907573,0.008066506052149,1.0,1.0,1.0,1.0,1y--10y
2.7999164383561643,44,0.0122311125431063,0.0032765251793473,0.0080666055117278,1.0,1.0,1.0,1.0,1y--10y
2.8999849315068493,44,0.0143535065683029,0.003887992813031,0.0092297766501423,1.0,1.0,1.0,1.0,1y--10y
3.0000534246575343,44,0.0147610381932546,0.0038310687595445,0.0105306319149114,1.0,1.0,1.0,0.9772727272727272,1y--10y
3.100121917808219,44,0.033664206698395,0.0065888709660489,0.0192572112311039,1.0,1.0,1.0,0.9545454545454546,1y--10y
3.200190410958904,44,0.0240153200102591,0.0047178165048555,0.0127059840718627,1.0,1.0,1.0,1.0,1y--10y
3.300258904109589,44,0.025782722050358,0.004649308799112,0.0144320140714939,1.0,1.0,1.0,1.0,1y--10y
3.400327397260274,44,0.0257854858914269,0.0046501041187927,0.0144334776541817,1.0,1.0,1.0,1.0,1y--10y
3.500395890410959,44,0.025783886104267,0.0046509042887898,0.0144347283318251,1.0,1.0,1.0,1.0,1y--10y
3.600464383561644,44,0.0257831791799516,0.0046516086162677,0.0144357682715949,1.0,1.0,1.0,1.0,1y--10y
3.699532191780822,44,0.0257854462907759,0.0046519293800016,0.0144368351611227,1.0,1.0,1.0,1.0,1y--10y
3.799600684931507,44,0.025786990674313,0.004652491121785,0.0144359181050073,1.0,1.0,1.0,1.0,1y--10y
3.899669178082192,44,0.0257887129971319,0.004652767823387,0.0144368047028632,1.0,1.0,1.0,1.0,1y--10y
3.999737671232877,44,0.0257875788615737,0.0046531545081055,0.0144374977810305,1.0,1.0,1.0,1.0,1y--10y
4.099806164383562,44,0.0257844075065637,0.0046535053187403,0.0144380401099379,1.0,1.0,1.0,1.0,1y--10y
4.199874657534247,44,0.0257856102539211,0.0046539583816209,0.0144384537436198,1.0,1.0,1.0,1.0,1y--10y
4.299943150684931,44,0.0257863997384775,0.0046540842069951,0.0144389891243965,1.0,1.0,1.0,1.0,1y--10y
4.400011643835617,44,0.0257810144906377,0.0046543651053823,0.0144239195950732,1.0,1.0,1.0,1.0,1y--10y
4.500080136986301,44,0.0257795379754333,0.0046546322809116,0.0144244243391423,1.0,1.0,1.0,1.0,1y--10y
4.600148630136987,44,0.0257804745509902,0.0046550014286198,0.0144249043340312,1.0,1.0,1.0,1.0,1y--10y
4.700217123287671,44,0.0257809465146623,0.0046430661160971,0.01442554131553,1.0,1.0,1.0,1.0,1y--10y
4.800285616438356,44,0.025781876651562,0.0046433115904228,0.0144259865192768,1.0,1.0,1.0,1.0,1y--10y
4.900354109589042,44,0.0257779159665642,0.0046422821075498,0.0144264396877061,1.0,1.0,1.0,1.0,1y--10y
5.000422602739726,44,0.0257785810507458,0.0046425110152789,0.0144266256991881,1.0,1.0,1.0,1.0,1y--10y
5.100491095890412,44,0.0257769742435131,0.0046428629475848,0.0144270276404156,1.0,1.0,1.0,1.0,1y--10y
5.199558904109589,44,0.02577786436392,0.004643082307052,0.014427428272786,1.0,1.0,1.0,1.0,1y--10y
5.299627397260274,44,0.0257784249373796,0.0046432876829046,0.0144278305511941,1.0,1.0,1.0,1.0,1y--10y
5.399695890410959,44,0.0257790170802703,0.0046433168520764,0.0144280538909889,1.0,1.0,1.0,1.0,1y--10y
5.499764383561644,44,0.0257776433471216,0.0046436634598676,0.0144270381544705,1.0,1.0,1.0,1.0,1y--10y
5.599832876712329,44,0.0257782783145518,0.0046439878774172,0.0144273927998617,1.0,1.0,1.0,1.0,1y--10y
5.699901369863014,44,0.0257763617122017,0.0046440700918405,0.0144277735744877,1.0,1.0,1.0,1.0,1y--10y
5.799969863013699,44,0.0257727745390631,0.0046443814511801,0.0144283790416015,1.0,1.0,1.0,1.0,1y--10y
5.900038356164384,44,0.0257736194377366,0.0046445803598209,0.0144128179937182,1.0,1.0,1.0,1.0,1y--10y
6.000106849315069,44,0.0257716546547051,0.0046447123230151,0.0144131769518097,1.0,1.0,1.0,1.0,1y--10y
6.100175342465754,44,0.0257771748591995,0.0046448970983946,0.0144212591840243,1.0,1.0,1.0,1.0,1y--10y
6.200243835616438,44,0.0257756609729868,0.0046451986426798,0.0144217749488216,1.0,1.0,1.0,1.0,1y--10y
6.300312328767123,44,0.0257739135482292,0.0046453881554393,0.0144221300356097,1.0,1.0,1.0,1.0,1y--10y
6.400380821917808,44,0.0257746039765926,0.0046456834854191,0.0144224702473014,1.0,1.0,1.0,1.0,1y--10y
6.500449315068493,44,0.0257751214239089,0.0046458676164476,0.0144229714702072,1.0,1.0,1.0,1.0,1y--10y
6.599517123287671,44,0.025773085940704,0.0046458792567565,0.0144232828412204,1.0,1.0,1.0,1.0,1y--10y
6.699585616438356,44,0.0257714957477282,0.0046461994474052,0.0144243256302994,1.0,1.0,1.0,1.0,1y--10y
6.799654109589041,44,0.0257674494572127,0.0046340610503762,0.014424642722959,1.0,1.0,1.0,1.0,1y--10y
6.899722602739726,44,0.025765826946602,0.0046343524968497,0.0144249710257636,1.0,1.0,1.0,1.0,1y--10y
6.999791095890411,44,0.0257640945845795,0.0046344108968741,0.0144251458042201,1.0,1.0,1.0,1.0,1y--10y
7.099859589041096,44,0.0257647682808692,0.0046345290601162,0.0144254696025528,1.0,1.0,1.0,1.0,1y--10y
7.199928082191781,44,0.0257651237222653,0.0046347044204283,0.0144257837923593,1.0,1.0,1.0,1.0,1y--10y
7.299996575342465,44,0.0257654278129968,0.004634992610791,0.014408937259418,1.0,1.0,1.0,1.0,1y--10y
7.40006506849315,44,0.025763591641009,0.0046351692776305,0.0144092490281076,1.0,1.0,1.0,1.0,1y--10y
7.500133561643835,44,0.0257502958283351,0.0046342230887115,0.0143862615057725,1.0,1.0,1.0,1.0,1y--10y
7.60020205479452,44,0.0257509704552464,0.0046345202637233,0.0143866552775894,1.0,1.0,1.0,1.0,1y--10y
7.700270547945205,44,0.0257459121000858,0.0046345073323008,0.0143870258065767,1.0,1.0,1.0,1.0,1y--10y
7.80033904109589,44,0.0258341908489065,0.0046348040822243,0.0143872772152095,1.0,1.0,1.0,1.0,1y--10y
7.900407534246575,44,0.0280566808219666,0.0050979290422232,0.015370576159717,1.0,1.0,1.0,0.9772727272727272,1y--10y
8.00047602739726,44,0.0206999838311746,0.0035207352711849,0.0132234083562752,1.0,1.0,1.0,0.9318181818181818,1y--10y
8.099543835616439,44,0.0466959346599299,0.0077521172254784,0.0209230196606105,1.0,1.0,1.0,0.8409090909090909,1y--10y
8.199612328767124,44,0.036133018378457,0.0070135731755592,0.0165734667022363,1.0,1.0,1.0,0.8863636363636364,1y--10y
8.299680821917809,44,0.0385618632011435,0.0071334154735021,0.016432140815446,1.0,1.0,1.0,0.8863636363636364,1y--10y
8.399749315068494,44,0.038570403278513,0.0071355728007168,0.0164355614945446,1.0,1.0,1.0,0.8863636363636364,1y--10y
8.499817808219179,44,0.038573302972787,0.0071373797958991,0.0164359068118869,1.0,1.0,1.0,0.8863636363636364,1y--10y
8.599886301369862,44,0.0385763731689543,0.0071388852727119,0.0164347335562905,1.0,1.0,1.0,0.8863636363636364,1y--10y
8.699954794520549,44,0.0385769174509186,0.0071403379238111,0.0164342891800039,1.0,1.0,1.0,0.8863636363636364,1y--10y
8.800023287671234,44,0.0385724821337557,0.0071412918322976,0.0164337537904195,1.0,1.0,1.0,0.8863636363636364,1y--10y
8.900091780821917,44,0.0385743559037366,0.0071423777902693,0.0164337910753743,1.0,1.0,1.0,0.8863636363636364,1y--10y
9.000160273972602,44,0.0385517041727491,0.0071312228426349,0.0164333390862404,1.0,1.0,1.0,0.8863636363636364,1y--10y
9.100228767123289,44,0.0385544725807295,0.0071322615868128,0.0164484024666295,1.0,1.0,1.0,0.8863636363636364,1y--10y
9.200297260273974,44,0.0385519292274836,0.0071331201338949,0.0164479262162456,1.0,1.0,1.0,0.8863636363636364,1y--10y
9.30036575342466,44,0.0385716662790796,0.0071337091747425,0.01644774517543,1.0,1.0,1.0,0.8863636363636364,1y--10y
9.400434246575342,44,0.0385660576608547,0.0071223691343254,0.0164467885211183,1.0,1.0,1.0,0.8863636363636364,1y--10y
9.49950205479452,44,0.0385677075780355,0.0071231121875288,0.0164459836885277,1.0,1.0,1.0,0.8863636363636364,1y--10y
9.599570547945206,44,0.0385444820971717,0.0071239384994128,0.0164456871031287,1.0,1.0,1.0,0.8863636363636364,1y--10y
9.69963904109589,44,0.0385837114288884,0.0071245414105417,0.016445426456162,1.0,1.0,1.0,0.8863636363636364,1y--10y
9.799707534246576,44,0.0386707420548046,0.0071253409474055,0.0163882071394689,1.0,1.0,1.0,0.8863636363636364,1y--10y
9.89977602739726,44,0.0386358282115003,0.0071261247546825,0.016388171094693,1.0,1.0,1.0,0.8863636363636364,1y--10y
9.999844520547946,44,0.0379593638771088,0.0071267709384337,0.0162650798917698,1.0,1.0,1.0,0.8863636363636364,1y--10y
9.999844552257738,44,0.0315156061227891,0.0080556787968068,0.0185540973919549,1.0,1.0,1.0,0.9772727272727272,1y--10y
9.99985403348554,44,0.0386458415502818,0.0109280109212528,0.0402770942065163,1.0,1.0,1.0,0.7045454545454546,1y--10y
9.999901598173516,44,0.0110793140799778,0.0052045622760025,0.0090308724175375,1.0,1.0,1.0,1.0,1y--10y
9.999958675799087,44,0.0023963708855469,0.0009744504036923,0.001849051965366,1.0,1.0,1.0,1.0,1y--10y
10.00018698630137,44,0.0014247200006769,0.0005398006694335,0.0012460027669296,1.0,1.0,1.0,0.6363636363636364,10y--100y
10.000415296803654,44,0.001371359371377,0.0005244241540357,0.0010820551918671,1.0,1.0,1.0,0.7272727272727273,10y--100y
10.00098607305936,44,0.0013558625365546,0.0005533009927632,0.0010006724241982,1.0,1.0,1.0,0.6818181818181818,10y--100y
10.002584246575342,44,0.001360546775763,0.000511452059262,0.0010990373089437,1.0,1.0,1.0,0.6818181818181818,10y--100y
10.00532397260274,44,0.0012460780116659,0.0005174548947673,0.0009586641495134,1.0,1.0,1.0,0.7272727272727273,10y--100y
10.019022602739726,44,0.0004970523524911,0.0002134281311844,0.000358097049838,1.0,1.0,1.0,0.9772727272727272,10y--100y
10.031554109589042,44,0.000389607175483,0.0001360831111709,0.0002839858148236,1.0,1.0,1.0,0.9772727272727272,10y--100y
10.038200684931509,44,0.0003562691093746,0.0001130787040157,0.0002636422338298,1.0,1.0,1.0,0.9772727272727272,10y--100y
10.076556849315068,44,0.0003540572282143,9.424650276024594e-05,0.0003022472386605,1.0,1.0,1.0,0.9772727272727272,10y--100y
10.082036301369865,44,0.0003556936314689,9.245673802357607e-05,0.0003052150262242,1.0,1.0,1.0,0.9772727272727272,10y--100y
10.153269178082192,44,0.000370233404472,8.515092925591677e-05,0.0003313921337861,1.0,1.0,1.0,0.9772727272727272,10y--100y
10.499844520547946,44,0.0004017818986472,0.0001115419619029,0.000365027433505,1.0,1.0,1.0,0.9772727272727272,10y--100y
10.999844520547946,44,0.0004199389949852,0.0001333120948732,0.0003798153985266,1.0,1.0,1.0,0.9772727272727272,10y--100y
15.00026712328767,44,0.0004494684986807,0.0001588839746459,0.0004094613996432,1.0,1.0,1.0,0.9772727272727272,10y--100y
19.99968904109589,44,0.000453726737684,0.0001622868894155,0.0004132947766711,1.0,1.0,1.0,0.9772727272727272,10y--100y
110.00029109589045,44,0.0004596406134967,0.0001674315756894,0.0004179893713962,1.0,1.0,1.0,0.9772727272727272,100y--1ky
1010.0003075342466,44,0.0004597404164511,0.0001675128589456,0.000418077247033,1.0,1.0,1.0,0.9772727272727272,1ky--10ky
10009.844365068491,44,0.0004597549733808,0.0001675245518438,0.0004180905317558,1.0,1.0,1.0,0.9772727272727272,$>$10ky
